Title,Handle,Body (HTML),Vendor,Product Category,Type,Tags,Published,Option1 Name,Option1 Value,Option2 Name,Option2 Value,Option3 Name,Option3 Value,Variant SKU,Variant Grams,Variant Inventory Tracker,Variant Inventory Qty,Variant Inventory Policy,Variant Fulfillment Service,Variant Price,Variant Compare At Price,Variant Requires Shipping,Variant Taxable,Variant Barcode,Image Src,Image Position,Image Alt Text,Gift Card,SEO Title,SEO Description,Google Shopping / Google Product Category,Google Shopping / Gender,Google Shopping / Age Group,Google Shopping / MPN,Google Shopping / Condition,Status,Collection
Supreme Idly Podi,supreme-idly-podi,"<p>Supreme Idly Podi is our signature creation and the hero of House of Kumaran — a bold, aromatic, and authentically crafted South Indian spice blend made using time-honoured home-style roasting methods. Prepared with premium lentils, sun-dried red chillies, fresh curry leaves, and a touch of traditional sesame, this podi delivers a rich, nutty flavour with a warm, balanced heat.</p><p>Every spoonful carries the essence of Tamil household kitchens, where idli podi has been a daily staple for generations. Whether you're new to podi or already a fan, our Supreme Idly Podi brings a depth of taste that lifts even the simplest idli or dosa into a gourmet experience.</p><h4>Direction of Use</h4><ul><li>Mix 1–2 teaspoons of podi with sesame oil or ghee and enjoy with hot idlis, dosas, uttapams, or paniyaram</li><li>Sprinkle over ghee rice, curd rice, or upma for an instant flavour boost</li><li>Use as a seasoning for roasted vegetables, chips, fries, or even popcorn</li></ul>",House of Kumaran,Food & Beverages > Food Items > Condiments & Sauces > Spice Pastes & Curry Pastes,Podi,"podi, spice-powder, traditional, bestseller, south-indian, idly, dosa, breakfast, signature, hero-product",TRUE,Weight,200g,,,,,HOK-PODI-001,200,shopify,100,deny,manual,179,349,TRUE,TRUE,,https://images.unsplash.com/photo-1596040033229-a9821ebd058d?w=800,1,Supreme Idly Podi - Signature South Indian Spice Powder,FALSE,Supreme Idly Podi | Signature South Indian Spice Powder | House of Kumaran,Buy authentic Supreme Idly Podi made with time-honoured home-style roasting. Premium lentils and sun-dried red chillies. 100% natural with zero preservatives.,Food Beverages & Tobacco > Food Items > Condiments & Sauces,Unisex,Adult,HOK-PODI-001,new,active,Podis
Dosai Milagai Podi,dosai-milagai-podi,"<p>Perfect companion for crispy dosas. Our Dosai Milagai Podi is specially crafted with a slightly different spice ratio to complement the texture and taste of dosas. Made with roasted red chilies, urad dal, and aromatic spices.</p><ul><li>Specially formulated for dosas</li><li>Stone-ground using traditional methods</li><li>No artificial colors or preservatives</li></ul>",House of Kumaran,Food & Beverages > Food Items > Condiments & Sauces > Spice Pastes & Curry Pastes,Podi,"podi, spice-powder, traditional, south-indian, dosa, breakfast",TRUE,Weight,200g,,,,,HOK-PODI-002,200,shopify,100,deny,manual,150,180,TRUE,TRUE,,https://images.unsplash.com/photo-1596040033229-a9821ebd058d?w=800,1,Dosai Milagai Podi - Traditional South Indian Spice Powder,FALSE,Dosai Milagai Podi | Authentic South Indian Spice Powder | House of Kumaran,Buy authentic Dosai Milagai Podi made with traditional stone-grinding methods. Perfect for dosa and breakfast. 100% natural with zero preservatives.,Food Beverages & Tobacco > Food Items > Condiments & Sauces,Unisex,Adult,HOK-PODI-002,new,active,Podis
Paruppu Podi,paruppu-podi,"<p>Aromatic dal powder made with toor dal, chana dal, and a blend of spices. Perfect accompaniment for hot rice with a drizzle of ghee. This protein-rich podi is a staple in every South Indian household.</p><ul><li>High protein content from premium dals</li><li>Freshly ground spices</li><li>Traditional family recipe</li></ul>",House of Kumaran,Food & Beverages > Food Items > Condiments & Sauces > Spice Pastes & Curry Pastes,Podi,"podi, spice-powder, traditional, protein-rich, healthy, south-indian, rice",TRUE,Weight,200g,,,,,HOK-PODI-003,200,shopify,100,deny,manual,140,160,TRUE,TRUE,,https://images.unsplash.com/photo-1596040033229-a9821ebd058d?w=800,1,Paruppu Podi - Protein Rich Dal Powder,FALSE,Paruppu Podi | Protein Rich Dal Powder | House of Kumaran,Authentic Paruppu Podi made with premium toor dal and chana dal. High protein traditional South Indian condiment. Perfect with hot rice and ghee.,Food Beverages & Tobacco > Food Items > Condiments & Sauces,Unisex,Adult,HOK-PODI-003,new,active,Podis
Karuvepillai Podi,karuvepillai-podi,<p>Fresh curry leaves roasted and ground with urad dal and spices. This aromatic podi is rich in iron and has numerous health benefits. A must-have for curry leaf lovers.</p><ul><li>Made with fresh curry leaves</li><li>Rich in iron and antioxidants</li><li>Freshly prepared in small batches</li></ul>,House of Kumaran,Food & Beverages > Food Items > Condiments & Sauces > Spice Pastes & Curry Pastes,Podi,"podi, spice-powder, traditional, healthy, iron-rich, curry-leaves",TRUE,Weight,200g,,,,,HOK-PODI-004,150,shopify,100,deny,manual,160,190,TRUE,TRUE,,https://images.unsplash.com/photo-1596040033229-a9821ebd058d?w=800,1,Karuvepillai Podi - Curry Leaf Powder,FALSE,Karuvepillai Podi | Curry Leaf Powder | House of Kumaran,Fresh Karuvepillai Podi made with aromatic curry leaves. Rich in iron and antioxidants. Traditional South Indian recipe with zero preservatives.,Food Beverages & Tobacco > Food Items > Condiments & Sauces,Unisex,Adult,HOK-PODI-004,new,active,Podis
Pudina Podi,pudina-podi,"<p>Refreshing mint podi made with fresh pudina leaves, roasted lentils, and aromatic spices. This cooling podi is perfect for summer and adds a unique twist to your meals.</p><ul><li>Made with fresh mint leaves</li><li>Cooling and refreshing flavor</li><li>Perfect for hot weather</li></ul>",House of Kumaran,Food & Beverages > Food Items > Condiments & Sauces > Spice Pastes & Curry Pastes,Podi,"podi, spice-powder, traditional, healthy, mint, pudina, cooling, summer",TRUE,Weight,200g,,,,,HOK-PODI-005,150,shopify,100,deny,manual,160,190,TRUE,TRUE,,https://images.unsplash.com/photo-1596040033229-a9821ebd058d?w=800,1,Pudina Podi - Refreshing Mint Powder,FALSE,Pudina Podi | Refreshing Mint Powder | House of Kumaran,Fresh Pudina Podi made with aromatic mint leaves. Cooling and refreshing flavor. Traditional South Indian recipe.,Food Beverages & Tobacco > Food Items > Condiments & Sauces,Unisex,Adult,HOK-PODI-005,new,active,Podis
Kothamalli Podi,kothamalli-podi,"<p>Aromatic coriander podi made with fresh kothamalli (coriander) leaves and seeds. This fragrant podi adds a burst of freshness to rice, idli, and dosa.</p><ul><li>Made with fresh coriander leaves and seeds</li><li>Highly aromatic and flavorful</li><li>Traditional South Indian recipe</li></ul>",House of Kumaran,Food & Beverages > Food Items > Condiments & Sauces > Spice Pastes & Curry Pastes,Podi,"podi, spice-powder, traditional, healthy, coriander, kothamalli, aromatic",TRUE,Weight,200g,,,,,HOK-PODI-006,150,shopify,100,deny,manual,160,190,TRUE,TRUE,,https://images.unsplash.com/photo-1596040033229-a9821ebd058d?w=800,1,Kothamalli Podi - Coriander Powder,FALSE,Kothamalli Podi | Aromatic Coriander Powder | House of Kumaran,Aromatic Kothamalli Podi made with fresh coriander leaves and seeds. Traditional South Indian recipe with burst of freshness.,Food Beverages & Tobacco > Food Items > Condiments & Sauces,Unisex,Adult,HOK-PODI-006,new,active,Podis
Sambar Podi,sambar-podi,"<p>The heart of South Indian cooking - our Sambar Podi is a carefully crafted blend of coriander, red chilies, fenugreek, and aromatic spices. Makes the perfect sambar every time.</p><ul><li>Authentic Chettinad recipe</li><li>Perfectly balanced spice blend</li><li>Fresh ground for maximum aroma</li></ul>",House of Kumaran,Food & Beverages > Food Items > Condiments & Sauces > Spice Pastes & Curry Pastes,Podi,"podi, spice-powder, traditional, bestseller, sambar, south-indian, cooking-essential",TRUE,Weight,200g,,,,,HOK-PODI-007,200,shopify,100,deny,manual,130,150,TRUE,TRUE,,https://images.unsplash.com/photo-1596040033229-a9821ebd058d?w=800,1,Sambar Podi - Traditional Sambar Spice Mix,FALSE,Sambar Podi | Authentic Sambar Powder | House of Kumaran,Make perfect sambar every time with our authentic Sambar Podi. Traditional Chettinad recipe with premium spices. No artificial additives.,Food Beverages & Tobacco > Food Items > Condiments & Sauces,Unisex,Adult,HOK-PODI-007,new,active,Podis
Puliyodarai Podi,puliyodarai-podi,"<p>The secret to perfect temple-style Puliyodarai (Tamarind Rice). Our special blend includes sesame, peanuts, and aromatic spices roasted to perfection.</p><ul><li>Temple-style authentic recipe</li><li>Includes sesame and peanuts</li><li>Ready to use with tamarind paste</li></ul>",House of Kumaran,Food & Beverages > Food Items > Condiments & Sauces > Spice Pastes & Curry Pastes,Podi,"podi, spice-powder, traditional, bestseller, puliyodarai, tamarind-rice, temple-food",TRUE,Weight,200g,,,,,HOK-PODI-008,200,shopify,100,deny,manual,170,200,TRUE,TRUE,,https://images.unsplash.com/photo-1596040033229-a9821ebd058d?w=800,1,Puliyodarai Podi - Tamarind Rice Spice Mix,FALSE,Puliyodarai Podi | Tamarind Rice Mix | House of Kumaran,Make authentic temple-style Puliyodarai with our special spice mix. Includes roasted sesame and peanuts. Traditional recipe from Madras.,Food Beverages & Tobacco > Food Items > Condiments & Sauces,Unisex,Adult,HOK-PODI-008,new,active,Podis
Vathakuzhambu Podi,vathakuzhambu-podi,<p>Authentic spice blend for making the tangy and spicy Vathakuzhambu. Made with tamarind-friendly spices that enhance the sour-spicy flavor of this classic Tamil dish.</p><ul><li>Perfect for Vathakuzhambu preparation</li><li>Tangy and spicy flavor profile</li><li>Traditional Tamil Nadu recipe</li></ul>,House of Kumaran,Food & Beverages > Food Items > Condiments & Sauces > Spice Pastes & Curry Pastes,Podi,"podi, spice-powder, traditional, vathakuzhambu, tamil-nadu, tangy, cooking-essential",TRUE,Weight,200g,,,,,HOK-PODI-009,200,shopify,100,deny,manual,140,170,TRUE,TRUE,,https://images.unsplash.com/photo-1596040033229-a9821ebd058d?w=800,1,Vathakuzhambu Podi - Tangy Curry Spice Mix,FALSE,Vathakuzhambu Podi | Traditional Curry Spice Mix | House of Kumaran,Make authentic Vathakuzhambu with our traditional spice blend. Tangy and spicy Tamil Nadu recipe.,Food Beverages & Tobacco > Food Items > Condiments & Sauces,Unisex,Adult,HOK-PODI-009,new,active,Podis
Kollu Podi,kollu-podi,"<p>Nutritious horse gram podi known for its weight management benefits. Made with roasted kollu and aromatic spices. A healthy addition to your diet with earthy, rustic flavors.</p><ul><li>Made with premium horse gram</li><li>Aids in weight management</li><li>High protein and fiber content</li></ul>",House of Kumaran,Food & Beverages > Food Items > Condiments & Sauces > Spice Pastes & Curry Pastes,Podi,"podi, spice-powder, traditional, healthy, kollu, horse-gram, weight-management, protein",TRUE,Weight,200g,,,,,HOK-PODI-010,200,shopify,100,deny,manual,150,180,TRUE,TRUE,,https://images.unsplash.com/photo-1596040033229-a9821ebd058d?w=800,1,Kollu Podi - Horse Gram Powder,FALSE,Kollu Podi | Nutritious Horse Gram Powder | House of Kumaran,Healthy Kollu Podi made with premium horse gram. Aids in weight management. High protein traditional South Indian recipe.,Food Beverages & Tobacco > Food Items > Condiments & Sauces,Unisex,Adult,HOK-PODI-010,new,active,Podis
Garlic Paruppu Podi,garlic-paruppu-podi,<p>Protein-rich dal podi enhanced with the bold flavor of roasted garlic. Double the nutrition with a punch of garlic goodness. Perfect for those who love a garlicky kick.</p><ul><li>Dal podi with roasted garlic</li><li>High protein content</li><li>Bold and flavorful</li></ul>,House of Kumaran,Food & Beverages > Food Items > Condiments & Sauces > Spice Pastes & Curry Pastes,Podi,"podi, spice-powder, traditional, protein-rich, garlic, healthy, south-indian",TRUE,Weight,200g,,,,,HOK-PODI-011,200,shopify,100,deny,manual,160,190,TRUE,TRUE,,https://images.unsplash.com/photo-1596040033229-a9821ebd058d?w=800,1,Garlic Paruppu Podi - Garlic Dal Powder,FALSE,Garlic Paruppu Podi | Garlic Dal Powder | House of Kumaran,Protein-rich Garlic Paruppu Podi with bold garlic flavor. High protein traditional South Indian condiment.,Food Beverages & Tobacco > Food Items > Condiments & Sauces,Unisex,Adult,HOK-PODI-011,new,active,Podis
Rasam Podi,rasam-podi,"<p>A warming blend of black pepper, cumin, coriander, and other spices that makes the perfect rasam. Known for its digestive properties and comforting taste.</p><ul><li>Traditional temple recipe</li><li>Aids digestion</li><li>Perfect for cold weather</li></ul>",House of Kumaran,Food & Beverages > Food Items > Condiments & Sauces > Spice Pastes & Curry Pastes,Podi,"podi, spice-powder, traditional, healthy, rasam, south-indian, digestive",TRUE,Weight,200g,,,,,HOK-PODI-012,150,shopify,100,deny,manual,120,140,TRUE,TRUE,,https://images.unsplash.com/photo-1596040033229-a9821ebd058d?w=800,1,Rasam Podi - Traditional Rasam Spice Mix,FALSE,Rasam Podi | Authentic Rasam Powder | House of Kumaran,Traditional Rasam Podi with black pepper and cumin. Aids digestion and perfect for making authentic South Indian rasam. Temple recipe.,Food Beverages & Tobacco > Food Items > Condiments & Sauces,Unisex,Adult,HOK-PODI-012,new,active,Podis
Garlic Podi,garlic-podi,<p>Bold and pungent garlic podi for garlic lovers. Roasted garlic cloves ground with lentils and spices create this flavorful condiment that adds depth to any meal.</p><ul><li>Made with premium roasted garlic</li><li>Bold and aromatic</li><li>Immunity boosting properties</li></ul>,House of Kumaran,Food & Beverages > Food Items > Condiments & Sauces > Spice Pastes & Curry Pastes,Podi,"podi, spice-powder, traditional, garlic, healthy, immunity, bold-flavor",TRUE,Weight,200g,,,,,HOK-PODI-013,150,shopify,100,deny,manual,160,190,TRUE,TRUE,,https://images.unsplash.com/photo-1596040033229-a9821ebd058d?w=800,1,Garlic Podi - Bold Garlic Powder,FALSE,Garlic Podi | Bold Garlic Spice Powder | House of Kumaran,Bold and aromatic Garlic Podi made with premium roasted garlic. Immunity boosting traditional South Indian recipe.,Food Beverages & Tobacco > Food Items > Condiments & Sauces,Unisex,Adult,HOK-PODI-013,new,active,Podis
Bisibela Bath Podi,bisibela-bath-podi,<p>The authentic Karnataka spice blend for Bisibele Bath. Our special mix of spices creates that signature aromatic and flavorful one-pot rice dish.</p><ul><li>Authentic Karnataka recipe</li><li>Perfect spice blend for Bisibele Bath</li><li>Aromatic and flavorful</li></ul>,House of Kumaran,Food & Beverages > Food Items > Condiments & Sauces > Spice Pastes & Curry Pastes,Podi,"podi, spice-powder, traditional, bisibela-bath, karnataka, one-pot, aromatic",TRUE,Weight,200g,,,,,HOK-PODI-014,200,shopify,100,deny,manual,150,180,TRUE,TRUE,,https://images.unsplash.com/photo-1596040033229-a9821ebd058d?w=800,1,Bisibela Bath Podi - Karnataka Spice Mix,FALSE,Bisibela Bath Podi | Karnataka Spice Mix | House of Kumaran,Authentic Bisibela Bath Podi for the signature Karnataka rice dish. Aromatic and flavorful spice blend.,Food Beverages & Tobacco > Food Items > Condiments & Sauces,Unisex,Adult,HOK-PODI-014,new,active,Podis
Madras Curry Amudhu Powder,madras-curry-powder,"<p>The classic Madras curry powder - a versatile spice blend that forms the base of countless South Indian curries. Rich, warm, and deeply aromatic.</p><ul><li>Classic Madras recipe</li><li>Versatile cooking essential</li><li>Warm and aromatic flavor</li></ul>",House of Kumaran,Food & Beverages > Food Items > Condiments & Sauces > Spice Pastes & Curry Pastes,Podi,"podi, spice-powder, traditional, madras-curry, cooking-essential, versatile, aromatic",TRUE,Weight,200g,,,,,HOK-PODI-015,200,shopify,100,deny,manual,140,170,TRUE,TRUE,,https://images.unsplash.com/photo-1596040033229-a9821ebd058d?w=800,1,Madras Curry Amudhu Powder - Classic Curry Spice,FALSE,Madras Curry Powder | Classic South Indian Spice | House of Kumaran,Classic Madras Curry Amudhu Powder for authentic South Indian curries. Versatile and deeply aromatic spice blend.,Food Beverages & Tobacco > Food Items > Condiments & Sauces,Unisex,Adult,HOK-PODI-015,new,active,Podis
Kootu Podi,kootu-podi,"<p>Essential spice blend for making authentic South Indian Kootu. A balanced mix of coconut, coriander, and spices that gives Kootu its signature creamy texture and flavor.</p><ul><li>Perfect for Kootu preparation</li><li>Coconut and coriander based</li><li>Creamy and flavorful</li></ul>",House of Kumaran,Food & Beverages > Food Items > Condiments & Sauces > Spice Pastes & Curry Pastes,Podi,"podi, spice-powder, traditional, kootu, cooking-essential, coconut, creamy",TRUE,Weight,200g,,,,,HOK-PODI-016,200,shopify,100,deny,manual,140,170,TRUE,TRUE,,https://images.unsplash.com/photo-1596040033229-a9821ebd058d?w=800,1,Kootu Podi - South Indian Curry Spice Mix,FALSE,Kootu Podi | South Indian Curry Spice Mix | House of Kumaran,Authentic Kootu Podi for creamy South Indian vegetable curries. Coconut and coriander based traditional recipe.,Food Beverages & Tobacco > Food Items > Condiments & Sauces,Unisex,Adult,HOK-PODI-016,new,active,Podis
Mango Thokku,mango-thokku,"<p>Tangy and spicy raw mango thokku made with select Totapuri mangoes, cold-pressed gingelly oil, and our secret spice blend. A versatile pickle that pairs with everything.</p><ul><li>Made with Totapuri mangoes</li><li>Cold-pressed gingelly oil</li><li>No artificial preservatives</li></ul>",House of Kumaran,Food & Beverages > Food Items > Condiments & Sauces > Pickles,Pickle,"pickle, thokku, mango, traditional, bestseller, south-indian, spicy, tangy",TRUE,Weight,250g,,,,,HOK-PICKLE-001,300,shopify,100,deny,manual,199,220,TRUE,TRUE,,https://images.unsplash.com/photo-1589308454676-21993e33427d?w=800,1,Mango Thokku - Traditional Mango Pickle,FALSE,Mango Thokku | Authentic South Indian Mango Pickle | House of Kumaran,Tangy Mango Thokku made with Totapuri mangoes and cold-pressed gingelly oil. Traditional South Indian pickle with no preservatives.,Food Beverages & Tobacco > Food Items > Condiments & Sauces,Unisex,Adult,HOK-PICKLE-001,new,active,Pickles & Thokku
Lemon Pickle,lemon-pickle,"<p>Zesty lemon pickle made with fresh lemons, mustard, and fenugreek. Aged to perfection for that authentic sour-spicy taste that complements any South Indian meal.</p><ul><li>Made with fresh lemons</li><li>Traditional aging process</li><li>Perfect balance of sour and spicy</li></ul>",House of Kumaran,Food & Beverages > Food Items > Condiments & Sauces > Pickles,Pickle,"pickle, lemon, traditional, south-indian, sour, tangy, aged",TRUE,Weight,250g,,,,,HOK-PICKLE-002,300,shopify,100,deny,manual,180,200,TRUE,TRUE,,https://images.unsplash.com/photo-1589308454676-21993e33427d?w=800,1,Lemon Pickle - Traditional South Indian Style,FALSE,Lemon Pickle | Authentic South Indian Lemon Pickle | House of Kumaran,Zesty Lemon Pickle aged to perfection. Made with fresh lemons mustard and fenugreek. Traditional South Indian recipe.,Food Beverages & Tobacco > Food Items > Condiments & Sauces,Unisex,Adult,HOK-PICKLE-002,new,active,Pickles & Thokku
Avakkai Pickle,avakkai-pickle,"<p>The king of Andhra pickles - Avakkai made with raw mangoes, red chili, mustard, and fenugreek. Bold, spicy, and absolutely addictive.</p><ul><li>Authentic Andhra recipe</li><li>Premium raw mangoes</li><li>Bold and spicy flavor</li></ul>",House of Kumaran,Food & Beverages > Food Items > Condiments & Sauces > Pickles,Pickle,"pickle, avakkai, mango, andhra, spicy, traditional, new-arrival, bold",TRUE,Weight,250g,,,,,HOK-PICKLE-003,350,shopify,100,deny,manual,220,260,TRUE,TRUE,,https://images.unsplash.com/photo-1589308454676-21993e33427d?w=800,1,Avakkai Pickle - Authentic Andhra Mango Pickle,FALSE,Avakkai Pickle | Authentic Andhra Mango Pickle | House of Kumaran,Bold and spicy Avakkai Pickle made with authentic Andhra recipe. Premium raw mangoes with traditional spice blend.,Food Beverages & Tobacco > Food Items > Condiments & Sauces,Unisex,Adult,HOK-PICKLE-003,new,active,Pickles & Thokku
Gongura Thokku,gongura-thokku,<p>Tangy gongura (sorrel leaves) thokku that's a staple in Andhra cuisine. Made with fresh gongura leaves and aromatic spices for that authentic taste.</p><ul><li>Fresh gongura leaves</li><li>Traditional Andhra preparation</li><li>Rich in vitamins</li></ul>,House of Kumaran,Food & Beverages > Food Items > Condiments & Sauces > Pickles,Pickle,"pickle, thokku, gongura, andhra, tangy, traditional, healthy, vitamin-rich",TRUE,Weight,250g,,,,,HOK-PICKLE-004,250,shopify,100,deny,manual,190,220,TRUE,TRUE,,https://images.unsplash.com/photo-1589308454676-21993e33427d?w=800,1,Gongura Thokku - Andhra Sorrel Leaf Pickle,FALSE,Gongura Thokku | Andhra Sorrel Leaf Pickle | House of Kumaran,Tangy Gongura Thokku made with fresh sorrel leaves. Authentic Andhra recipe rich in vitamins. Traditional preparation.,Food Beverages & Tobacco > Food Items > Condiments & Sauces,Unisex,Adult,HOK-PICKLE-004,new,active,Pickles & Thokku
Tomato Thokku,tomato-thokku,"<p>Sweet and tangy tomato thokku made with ripe tomatoes, gingelly oil, and aromatic spices. A versatile condiment that pairs with everything from rice to roti.</p><ul><li>Made with ripe tomatoes</li><li>Cold-pressed gingelly oil</li><li>Sweet-tangy flavor profile</li></ul>",House of Kumaran,Food & Beverages > Food Items > Condiments & Sauces > Pickles,Pickle,"pickle, thokku, tomato, traditional, south-indian, versatile, tangy, sweet",TRUE,Weight,250g,,,,,HOK-PICKLE-005,300,shopify,100,deny,manual,180,200,TRUE,TRUE,,https://images.unsplash.com/photo-1589308454676-21993e33427d?w=800,1,Tomato Thokku - Sweet Tangy Tomato Pickle,FALSE,Tomato Thokku | Sweet Tangy Tomato Pickle | House of Kumaran,Delicious Tomato Thokku made with ripe tomatoes and gingelly oil. Versatile sweet-tangy condiment.,Food Beverages & Tobacco > Food Items > Condiments & Sauces,Unisex,Adult,HOK-PICKLE-005,new,active,Pickles & Thokku
Karuvepillai Thokku,karuvepillai-thokku,"<p>Aromatic curry leaf thokku rich in iron and flavor. Made with fresh curry leaves, tamarind, and traditional spices. A healthy and flavorful condiment.</p><ul><li>Made with fresh curry leaves</li><li>Rich in iron</li><li>Traditional recipe</li></ul>",House of Kumaran,Food & Beverages > Food Items > Condiments & Sauces > Pickles,Pickle,"pickle, thokku, karuvepillai, curry-leaves, traditional, healthy, iron-rich, aromatic",TRUE,Weight,250g,,,,,HOK-PICKLE-006,250,shopify,100,deny,manual,170,200,TRUE,TRUE,,https://images.unsplash.com/photo-1589308454676-21993e33427d?w=800,1,Karuvepillai Thokku - Curry Leaf Pickle,FALSE,Karuvepillai Thokku | Curry Leaf Pickle | House of Kumaran,Aromatic Karuvepillai Thokku rich in iron. Made with fresh curry leaves. Traditional healthy condiment.,Food Beverages & Tobacco > Food Items > Condiments & Sauces,Unisex,Adult,HOK-PICKLE-006,new,active,Pickles & Thokku
Kadarangai Pickle,kadarangai-pickle,<p>Traditional citron pickle with a unique bitter-sour-spicy flavor profile. Made with sun-dried citron pieces and aromatic spices. A rare delicacy.</p><ul><li>Made with sun-dried citron</li><li>Unique bitter-sour-spicy taste</li><li>Traditional rare recipe</li></ul>,House of Kumaran,Food & Beverages > Food Items > Condiments & Sauces > Pickles,Pickle,"pickle, kadarangai, citron, traditional, rare, unique, sun-dried, tangy",TRUE,Weight,250g,,,,,HOK-PICKLE-007,300,shopify,100,deny,manual,200,240,TRUE,TRUE,,https://images.unsplash.com/photo-1589308454676-21993e33427d?w=800,1,Kadarangai Pickle - Traditional Citron Pickle,FALSE,Kadarangai Pickle | Traditional Citron Pickle | House of Kumaran,Rare Kadarangai Pickle with unique bitter-sour-spicy flavor. Traditional sun-dried citron preparation.,Food Beverages & Tobacco > Food Items > Condiments & Sauces,Unisex,Adult,HOK-PICKLE-007,new,active,Pickles & Thokku
Narthangai Pickle,narthangai-pickle,<p>Wild citron pickle with an intense sour flavor. This traditional pickle is known for its digestive properties and unique taste.</p><ul><li>Made with wild citron</li><li>Intensely sour and tangy</li><li>Aids digestion</li></ul>,House of Kumaran,Food & Beverages > Food Items > Condiments & Sauces > Pickles,Pickle,"pickle, narthangai, wild-citron, traditional, sour, tangy, digestive",TRUE,Weight,250g,,,,,HOK-PICKLE-008,300,shopify,100,deny,manual,190,220,TRUE,TRUE,,https://images.unsplash.com/photo-1589308454676-21993e33427d?w=800,1,Narthangai Pickle - Wild Citron Pickle,FALSE,Narthangai Pickle | Wild Citron Pickle | House of Kumaran,Intense Narthangai Pickle made with wild citron. Sour and tangy with digestive benefits. Traditional recipe.,Food Beverages & Tobacco > Food Items > Condiments & Sauces,Unisex,Adult,HOK-PICKLE-008,new,active,Pickles & Thokku
Perandai Pickle,perandai-pickle,"<p>Medicinal pickle made with Perandai (Veldt Grape). Known for its bone-strengthening properties, this unique pickle is both healthy and delicious.</p><ul><li>Made with Perandai (Veldt Grape)</li><li>Bone-strengthening properties</li><li>Traditional medicinal pickle</li></ul>",House of Kumaran,Food & Beverages > Food Items > Condiments & Sauces > Pickles,Pickle,"pickle, perandai, veldt-grape, medicinal, healthy, bone-health, traditional, unique",TRUE,Weight,250g,,,,,HOK-PICKLE-009,250,shopify,100,deny,manual,180,210,TRUE,TRUE,,https://images.unsplash.com/photo-1589308454676-21993e33427d?w=800,1,Perandai Pickle - Medicinal Veldt Grape Pickle,FALSE,Perandai Pickle | Medicinal Veldt Grape Pickle | House of Kumaran,Healthy Perandai Pickle with bone-strengthening properties. Traditional medicinal preparation.,Food Beverages & Tobacco > Food Items > Condiments & Sauces,Unisex,Adult,HOK-PICKLE-009,new,active,Pickles & Thokku
Garlic Pickle,garlic-pickle,<p>Bold and pungent garlic pickle for garlic lovers. Whole garlic cloves marinated in spices and oil. Known for immunity-boosting properties.</p><ul><li>Whole garlic cloves</li><li>Bold and pungent flavor</li><li>Immunity boosting</li></ul>,House of Kumaran,Food & Beverages > Food Items > Condiments & Sauces > Pickles,Pickle,"pickle, garlic, pungent, traditional, immunity, bold-flavor, healthy",TRUE,Weight,250g,,,,,HOK-PICKLE-010,250,shopify,100,deny,manual,170,200,TRUE,TRUE,,https://images.unsplash.com/photo-1589308454676-21993e33427d?w=800,1,Garlic Pickle - Bold Garlic Pickle,FALSE,Garlic Pickle | Bold Garlic Pickle | House of Kumaran,Bold Garlic Pickle with whole garlic cloves. Immunity boosting traditional recipe.,Food Beverages & Tobacco > Food Items > Condiments & Sauces,Unisex,Adult,HOK-PICKLE-010,new,active,Pickles & Thokku
Mysur Pak,mysur-pak,"<p>The legendary Mysore Pak made with pure ghee, besan, and sugar. Soft, melt-in-mouth texture that's been perfected over generations. A royal sweet from Karnataka.</p><ul><li>Made with pure cow ghee</li><li>Traditional Mysore recipe</li><li>Soft melt-in-mouth texture</li></ul>",House of Kumaran,Food & Beverages > Food Items > Confectionery,Sweet,"sweet, mysore-pak, traditional, bestseller, ghee, karnataka, royal, festival",TRUE,Weight,250g,,,,,HOK-SWEET-001,250,shopify,50,deny,manual,299,350,TRUE,TRUE,,https://images.unsplash.com/photo-1606312619070-d48b4c652a52?w=800,1,Mysore Pak - Traditional Ghee Sweet,FALSE,Mysore Pak | Authentic Karnataka Sweet | House of Kumaran,Legendary Mysore Pak made with pure cow ghee. Soft melt-in-mouth texture. Traditional Karnataka royal sweet recipe.,Food Beverages & Tobacco > Food Items > Confectionery,Unisex,Adult,HOK-SWEET-001,new,active,Sweets
Boondhi Ladoo,boondhi-ladoo,"<p>Golden boondi ladoos made with chickpea flour, sugar syrup, and cardamom. Each ladoo is handcrafted for the perfect round shape and taste.</p><ul><li>Handcrafted with love</li><li>Premium cardamom flavor</li><li>Perfect for festivals</li></ul>",House of Kumaran,Food & Beverages > Food Items > Confectionery,Sweet,"sweet, ladoo, boondi, traditional, festival, cardamom, handcrafted",TRUE,Weight,250g,,,,,HOK-SWEET-002,250,shopify,50,deny,manual,249,280,TRUE,TRUE,,https://images.unsplash.com/photo-1606312619070-d48b4c652a52?w=800,1,Boondi Ladoo - Traditional Festival Sweet,FALSE,Boondi Ladoo | Handcrafted Festival Sweet | House of Kumaran,Golden Boondi Ladoo handcrafted with chickpea flour and cardamom. Perfect for festivals and celebrations. Traditional recipe.,Food Beverages & Tobacco > Food Items > Confectionery,Unisex,Adult,HOK-SWEET-002,new,active,Sweets
Athirasam,athirasam,<p>Traditional Tamil Nadu sweet made with rice flour and jaggery. Deep-fried to golden perfection. A festival favorite that brings back nostalgic memories.</p><ul><li>Made with organic jaggery</li><li>Traditional Tamil recipe</li><li>Perfect festival sweet</li></ul>,House of Kumaran,Food & Beverages > Food Items > Confectionery,Sweet,"sweet, athirasam, traditional, new-arrival, jaggery, tamil-nadu, festival, diwali",TRUE,Weight,250g,,,,,HOK-SWEET-003,300,shopify,50,deny,manual,279,320,TRUE,TRUE,,https://images.unsplash.com/photo-1606312619070-d48b4c652a52?w=800,1,Athirasam - Traditional Jaggery Sweet,FALSE,Athirasam | Traditional Tamil Nadu Sweet | House of Kumaran,Authentic Athirasam made with organic jaggery and rice flour. Traditional Tamil Nadu festival sweet recipe.,Food Beverages & Tobacco > Food Items > Confectionery,Unisex,Adult,HOK-SWEET-003,new,active,Sweets
Badhusha,badhusha,"<p>Flaky, syrup-soaked Badusha that melts in your mouth. Made with refined flour, ghee, and sugar syrup infused with cardamom.</p><ul><li>Flaky layered texture</li><li>Soaked in cardamom syrup</li><li>Made with pure ghee</li></ul>",House of Kumaran,Food & Beverages > Food Items > Confectionery,Sweet,"sweet, badusha, traditional, ghee, cardamom, syrup, flaky",TRUE,Weight,250g,,,,,HOK-SWEET-004,250,shopify,50,deny,manual,269,300,TRUE,TRUE,,https://images.unsplash.com/photo-1606312619070-d48b4c652a52?w=800,1,Badusha - Flaky Syrup Sweet,FALSE,Badusha | Flaky Traditional Sweet | House of Kumaran,Flaky Badusha soaked in cardamom sugar syrup. Made with pure ghee for authentic taste. Traditional South Indian sweet.,Food Beverages & Tobacco > Food Items > Confectionery,Unisex,Adult,HOK-SWEET-004,new,active,Sweets
Rava Ladoo,rava-ladoo,"<p>Melt-in-mouth Rava Ladoo made with roasted semolina, ghee, sugar, and cashews. Each ladoo is handcrafted with the perfect sweetness and texture.</p><ul><li>Made with roasted semolina</li><li>Enriched with cashews</li><li>Melt-in-mouth texture</li></ul>",House of Kumaran,Food & Beverages > Food Items > Confectionery,Sweet,"sweet, ladoo, rava, semolina, traditional, ghee, cashew, festival",TRUE,Weight,250g,,,,,HOK-SWEET-005,250,shopify,50,deny,manual,259,290,TRUE,TRUE,,https://images.unsplash.com/photo-1606312619070-d48b4c652a52?w=800,1,Rava Ladoo - Semolina Sweet Balls,FALSE,Rava Ladoo | Semolina Sweet Balls | House of Kumaran,Melt-in-mouth Rava Ladoo with roasted semolina and cashews. Handcrafted with pure ghee. Festival favorite.,Food Beverages & Tobacco > Food Items > Confectionery,Unisex,Adult,HOK-SWEET-005,new,active,Sweets
Maa Ladoo,maa-ladoo,"<p>Nutritious Maa Ladoo made with roasted gram flour, jaggery, and ghee. Also known as Besan Ladoo, this sweet is both healthy and delicious.</p><ul><li>Made with roasted gram flour</li><li>Sweetened with jaggery</li><li>Nutritious and healthy</li></ul>",House of Kumaran,Food & Beverages > Food Items > Confectionery,Sweet,"sweet, ladoo, maa-ladoo, besan, gram-flour, jaggery, traditional, healthy",TRUE,Weight,250g,,,,,HOK-SWEET-006,250,shopify,50,deny,manual,249,280,TRUE,TRUE,,https://images.unsplash.com/photo-1606312619070-d48b4c652a52?w=800,1,Maa Ladoo - Gram Flour Sweet Balls,FALSE,Maa Ladoo | Gram Flour Sweet Balls | House of Kumaran,Nutritious Maa Ladoo with roasted gram flour and jaggery. Healthy traditional sweet.,Food Beverages & Tobacco > Food Items > Confectionery,Unisex,Adult,HOK-SWEET-006,new,active,Sweets
Somazi,somazi,<p>Traditional Somazi - delicate wheat flour sweets shaped like small moons. Deep-fried and soaked in sugar syrup for that perfect sweetness.</p><ul><li>Delicate moon-shaped sweets</li><li>Made with wheat flour</li><li>Soaked in sugar syrup</li></ul>,House of Kumaran,Food & Beverages > Food Items > Confectionery,Sweet,"sweet, somazi, traditional, wheat-flour, syrup, festival, moon-shaped",TRUE,Weight,250g,,,,,HOK-SWEET-007,250,shopify,50,deny,manual,239,270,TRUE,TRUE,,https://images.unsplash.com/photo-1606312619070-d48b4c652a52?w=800,1,Somazi - Traditional Moon-Shaped Sweets,FALSE,Somazi | Traditional Moon-Shaped Sweets | House of Kumaran,Delicate Somazi moon-shaped sweets soaked in sugar syrup. Traditional festival sweet.,Food Beverages & Tobacco > Food Items > Confectionery,Unisex,Adult,HOK-SWEET-007,new,active,Sweets
Mullu Murukku,mullu-murukku,"<p>Crispy, spiky murukku made with rice flour and urad dal. The perfect tea-time snack with that signature crunch. A South Indian household staple.</p><ul><li>Extra crispy texture</li><li>Made with rice flour blend</li><li>Perfect tea-time snack</li></ul>",House of Kumaran,Food & Beverages > Food Items > Snacks,Savoury,"savoury, murukku, traditional, bestseller, crispy, tea-time, south-indian, snack",TRUE,Weight,250g,,,,,HOK-SAVOURY-001,250,shopify,100,deny,manual,180,200,TRUE,TRUE,,https://images.unsplash.com/photo-1599487488170-d11ec9c172f0?w=800,1,Mullu Murukku - Crispy South Indian Snack,FALSE,Mullu Murukku | Crispy Traditional Snack | House of Kumaran,Extra crispy Mullu Murukku made with rice flour and urad dal. Traditional South Indian tea-time snack.,Food Beverages & Tobacco > Food Items > Snacks,Unisex,Adult,HOK-SAVOURY-001,new,active,Savouries
Thenkuzhal,thenkuzhal,"<p>Smooth, ring-shaped murukku with a delicate crunch. Made with the same traditional recipe passed down through generations.</p><ul><li>Smooth ring shape</li><li>Delicate crunch</li><li>Traditional recipe</li></ul>",House of Kumaran,Food & Beverages > Food Items > Snacks,Savoury,"savoury, thenkuzhal, murukku, traditional, crispy, south-indian, snack",TRUE,Weight,250g,,,,,HOK-SAVOURY-002,250,shopify,100,deny,manual,170,190,TRUE,TRUE,,https://images.unsplash.com/photo-1599487488170-d11ec9c172f0?w=800,1,Thenkuzhal - Traditional Ring Murukku,FALSE,Thenkuzhal | Traditional Ring Murukku | House of Kumaran,Smooth ring-shaped Thenkuzhal with delicate crunch. Traditional South Indian snack made with family recipe.,Food Beverages & Tobacco > Food Items > Snacks,Unisex,Adult,HOK-SAVOURY-002,new,active,Savouries
Ribbon Pakoda,ribbon-pakoda,"<p>Thin, ribbon-shaped crispy snack made with chickpea flour and rice flour. Seasoned with cumin and pepper for that extra flavor kick.</p><ul><li>Thin crispy ribbons</li><li>Cumin and pepper seasoned</li><li>Light and crunchy</li></ul>",House of Kumaran,Food & Beverages > Food Items > Snacks,Savoury,"savoury, pakoda, ribbon, traditional, crispy, spicy, snack, tea-time",TRUE,Weight,250g,,,,,HOK-SAVOURY-003,200,shopify,100,deny,manual,160,180,TRUE,TRUE,,https://images.unsplash.com/photo-1599487488170-d11ec9c172f0?w=800,1,Ribbon Pakoda - Crispy Ribbon Snack,FALSE,Ribbon Pakoda | Crispy Traditional Snack | House of Kumaran,Thin crispy Ribbon Pakoda seasoned with cumin and pepper. Light and crunchy South Indian snack.,Food Beverages & Tobacco > Food Items > Snacks,Unisex,Adult,HOK-SAVOURY-003,new,active,Savouries
,,,,,,,,,,,,,,,,,,,,,,,,,,,,,,,,,,,,,
Thattai,thattai,"<p>Crispy, flat rice crackers with a perfect crunch. These traditional thattais are seasoned with cumin and sesame for an irresistible savory taste.</p><ul><li>Crispy flat crackers</li><li>Seasoned with cumin and sesame</li><li>Perfect tea-time snack</li></ul>",House of Kumaran,Food & Beverages > Food Items > Snacks,Savoury,"savoury, thattai, crispy, traditional, rice-cracker, cumin, sesame, tea-time",TRUE,Weight,250g,,,,,HOK-SAVOURY-005,200,shopify,100,deny,manual,160,180,TRUE,TRUE,,https://images.unsplash.com/photo-1599487488170-d11ec9c172f0?w=800,1,Thattai - Crispy Rice Crackers,FALSE,Thattai | Crispy Rice Crackers | House of Kumaran,Crispy Thattai rice crackers with cumin and sesame. Traditional South Indian tea-time snack.,Food Beverages & Tobacco > Food Items > Snacks,Unisex,Adult,HOK-SAVOURY-005,new,active,Savouries
Kara Boondi,kara-boondi,"<p>Spicy chickpea flour droplets with a perfect crunch. Our Kara Boondi is seasoned with curry leaves, green chilies, and asafoetida for that authentic flavor.</p><ul><li>Spicy chickpea droplets</li><li>Seasoned with curry leaves</li><li>Perfect crunch</li></ul>",House of Kumaran,Food & Beverages > Food Items > Snacks,Savoury,"savoury, kara-boondi, spicy, chickpea, traditional, crispy, tea-time, snack",TRUE,Weight,250g,,,,,HOK-SAVOURY-006,200,shopify,100,deny,manual,150,170,TRUE,TRUE,,https://images.unsplash.com/photo-1599487488170-d11ec9c172f0?w=800,1,Kara Boondi - Spicy Chickpea Droplets,FALSE,Kara Boondi | Spicy Chickpea Droplets | House of Kumaran,Spicy Kara Boondi with curry leaves and authentic seasoning. Crispy South Indian snack.,Food Beverages & Tobacco > Food Items > Snacks,Unisex,Adult,HOK-SAVOURY-006,new,active,Savouries
Omapodi,omapodi,"<p>Thin, crispy chickpea noodles flavored with ajwain (omam). These delicate strands have a distinctive aroma and are perfect for snacking or as a mixture ingredient.</p><ul><li>Thin crispy noodles</li><li>Ajwain flavored</li><li>Digestive properties</li></ul>",House of Kumaran,Food & Beverages > Food Items > Snacks,Savoury,"savoury, omapodi, sev, ajwain, traditional, crispy, thin, snack",TRUE,Weight,250g,,,,,HOK-SAVOURY-007,200,shopify,100,deny,manual,140,160,TRUE,TRUE,,https://images.unsplash.com/photo-1599487488170-d11ec9c172f0?w=800,1,Omapodi - Ajwain Flavored Sev,FALSE,Omapodi | Ajwain Flavored Crispy Sev | House of Kumaran,Thin crispy Omapodi with ajwain flavor. Digestive properties. Perfect snack or mixture ingredient.,Food Beverages & Tobacco > Food Items > Snacks,Unisex,Adult,HOK-SAVOURY-007,new,active,Savouries
Kumaran's Mystic Mix,kumarans-mystic-mix,"<p>Kumaran's Mystic Mix is our unique take on the classic Madras mixture — a crunchy, flavour-rich blend inspired by the bustling streets and heritage kitchens of Chennai. Crafted with premium ingredients and a traditional hand-roasted method, this mix brings together crispy lentils, sev, boondi and aromatic spices in a way that feels familiar yet excitingly new.</p><p>Every handful gives a warm South Indian flavour with a gentle kick, making it perfect for tea time, travel snacking, or anytime cravings.</p><h4>Direction of Use</h4><ul><li>Enjoy straight from the pack</li><li>Pair it with your evening tea/coffee</li><li>Sprinkle it over curd rice for an instant flavour upgrade</li><li>Use it as a topping on chaats and salads for extra crunch</li></ul>",House of Kumaran,Food & Beverages > Food Items > Snacks,Savoury,"savoury, mystic-mix, madras-mixture, premium, signature, hand-roasted, chennai, tea-time, bestseller, hero-product",TRUE,Weight,250g,,,,,HOK-SAVOURY-008,250,shopify,100,deny,manual,169,349,TRUE,TRUE,,https://images.unsplash.com/photo-1599487488170-d11ec9c172f0?w=800,1,Kumaran's Mystic Mix - Premium Madras Mixture,FALSE,Kumaran's Mystic Mix | Premium Madras Mixture | House of Kumaran,Kumaran's Mystic Mix - our unique take on classic Madras mixture. Hand-roasted with premium ingredients. Perfect for tea time and anytime cravings.,Food Beverages & Tobacco > Food Items > Snacks,Unisex,Adult,HOK-SAVOURY-008,new,active,Savouries
Kumaran's Butter Coils,kumarans-butter-coils,"<p>Kumaran's Butter Coils reimagine the beloved South Indian butter murukku in a soft, melt-in-the-mouth form. Made using a traditional coil-shaping technique and slow frying, these buttery spirals carry a rich aroma, gentle crunch, and a comforting flavour that originated from Tamil household kitchens, where murukku has been a festive essential for generations.</p><p>Each piece is light, mildly salty, and perfectly balanced — ideal for all ages.</p><h4>Direction of Use</h4><ul><li>Open and enjoy as a snack anytime</li><li>Serve with tea/coffee</li><li>Pack it for kids' tiffin</li><li>Crumble lightly over upma/curd rice to add a delicious buttery texture</li></ul>",House of Kumaran,Food & Beverages > Food Items > Snacks,Savoury,"savoury, butter-coils, butter-murukku, premium, signature, melt-in-mouth, festive, kids-favorite, hero-product",TRUE,Weight,250g,,,,,HOK-SAVOURY-009,250,shopify,100,deny,manual,179,399,TRUE,TRUE,,https://images.unsplash.com/photo-1599487488170-d11ec9c172f0?w=800,1,Kumaran's Butter Coils - Premium Butter Murukku,FALSE,Kumaran's Butter Coils | Premium Butter Murukku | House of Kumaran,Kumaran's Butter Coils - soft melt-in-mouth butter murukku. Traditional coil-shaping technique. Perfect for all ages.,Food Beverages & Tobacco > Food Items > Snacks,Unisex,Adult,HOK-SAVOURY-009,new,active,Savouries
Elai Vadam - Jeera,elai-vadam-jeera,"<p>Traditional sun-dried rice crisps flavored with cumin. Light, airy, and perfect for frying. A nostalgic snack from grandmother's kitchen.</p><ul><li>Sun-dried for 3 days</li><li>Cumin flavored</li><li>Fry and enjoy</li></ul>",House of Kumaran,Food & Beverages > Food Items > Snacks,Vadam,"vadam, elai-vadam, jeera, cumin, traditional, sun-dried, crispy, snack",TRUE,Weight,250g,,,,,HOK-VADAM-001,150,shopify,100,deny,manual,120,140,TRUE,TRUE,,https://images.unsplash.com/photo-1599487488170-d11ec9c172f0?w=800,1,Elai Vadam Jeera - Sun-Dried Rice Crisps,FALSE,Elai Vadam Jeera | Sun-Dried Rice Crisps | House of Kumaran,Traditional sun-dried Elai Vadam with cumin flavor. Light and crispy. Fry and enjoy this nostalgic snack.,Food Beverages & Tobacco > Food Items > Snacks,Unisex,Adult,HOK-VADAM-001,new,active,Vadams & Appalam
Ulundu Appalam,ulundu-appalam,<p>Crispy urad dal papads made the traditional way. Perfect accompaniment for rice and sambar. Expands beautifully when fried or roasted.</p><ul><li>Made with premium urad dal</li><li>Traditional recipe</li><li>Fry or roast</li></ul>,House of Kumaran,Food & Beverages > Food Items > Snacks,Vadam,"vadam, appalam, papad, urad-dal, traditional, crispy, south-indian",TRUE,Weight,250g,,,,,HOK-VADAM-002,200,shopify,100,deny,manual,130,150,TRUE,TRUE,,https://images.unsplash.com/photo-1599487488170-d11ec9c172f0?w=800,1,Ulundu Appalam - Urad Dal Papad,FALSE,Ulundu Appalam | Traditional Urad Dal Papad | House of Kumaran,Crispy Ulundu Appalam made with premium urad dal. Traditional South Indian papad. Fry or roast to enjoy.,Food Beverages & Tobacco > Food Items > Snacks,Unisex,Adult,HOK-VADAM-002,new,active,Vadams & Appalam
Elai Vadam - Red Chilli,elai-vadam-red-chilli,<p>Spicy sun-dried rice crisps with a fiery red chilli kick. These traditional vadams are hand-shaped on banana leaves and sun-dried for that authentic taste.</p><ul><li>Sun-dried on banana leaves</li><li>Spicy red chilli flavor</li><li>Traditional preparation</li></ul>,House of Kumaran,Food & Beverages > Food Items > Snacks,Vadam,"vadam, elai-vadam, red-chilli, spicy, traditional, sun-dried, crispy",TRUE,Weight,250g,,,,,HOK-VADAM-003,150,shopify,100,deny,manual,120,140,TRUE,TRUE,,https://images.unsplash.com/photo-1599487488170-d11ec9c172f0?w=800,1,Elai Vadam Red Chilli - Spicy Sun-Dried Crisps,FALSE,Elai Vadam Red Chilli | Spicy Sun-Dried Rice Crisps | House of Kumaran,Spicy sun-dried Elai Vadam with red chilli flavor. Traditional banana leaf preparation. Fry and enjoy.,Food Beverages & Tobacco > Food Items > Snacks,Unisex,Adult,HOK-VADAM-003,new,active,Vadams & Appalam
Elai Vadam - Green Chilli,elai-vadam-green-chilli,<p>Fresh and zesty sun-dried rice crisps with green chilli flavor. A refreshing twist on the classic vadam with a moderate heat level.</p><ul><li>Fresh green chilli flavor</li><li>Sun-dried for perfect texture</li><li>Moderate spice level</li></ul>,House of Kumaran,Food & Beverages > Food Items > Snacks,Vadam,"vadam, elai-vadam, green-chilli, spicy, traditional, sun-dried, crispy",TRUE,Weight,250g,,,,,HOK-VADAM-004,150,shopify,100,deny,manual,120,140,TRUE,TRUE,,https://images.unsplash.com/photo-1599487488170-d11ec9c172f0?w=800,1,Elai Vadam Green Chilli - Fresh Sun-Dried Crisps,FALSE,Elai Vadam Green Chilli | Fresh Sun-Dried Rice Crisps | House of Kumaran,Fresh and zesty Elai Vadam with green chilli flavor. Sun-dried traditional snack. Fry and enjoy.,Food Beverages & Tobacco > Food Items > Snacks,Unisex,Adult,HOK-VADAM-004,new,active,Vadams & Appalam
Elai Vadam - Pudhina,elai-vadam-pudhina,"<p>Refreshing mint-flavored sun-dried rice crisps. The cooling mint adds a unique twist to this traditional snack, perfect for summer.</p><ul><li>Fresh mint flavor</li><li>Cooling and refreshing</li><li>Traditional sun-dried method</li></ul>",House of Kumaran,Food & Beverages > Food Items > Snacks,Vadam,"vadam, elai-vadam, pudhina, mint, refreshing, traditional, sun-dried, summer",TRUE,Weight,250g,,,,,HOK-VADAM-005,150,shopify,100,deny,manual,130,150,TRUE,TRUE,,https://images.unsplash.com/photo-1599487488170-d11ec9c172f0?w=800,1,Elai Vadam Pudhina - Mint Sun-Dried Crisps,FALSE,Elai Vadam Pudhina | Mint Sun-Dried Rice Crisps | House of Kumaran,Refreshing mint-flavored Elai Vadam. Cooling and perfect for summer. Traditional sun-dried preparation.,Food Beverages & Tobacco > Food Items > Snacks,Unisex,Adult,HOK-VADAM-005,new,active,Vadams & Appalam
Elai Vadam - Omam,elai-vadam-omam,<p>Aromatic ajwain-flavored sun-dried rice crisps. Omam (carom seeds) adds digestive benefits and a distinctive flavor to these traditional vadams.</p><ul><li>Ajwain (omam) flavored</li><li>Aids digestion</li><li>Aromatic and flavorful</li></ul>,House of Kumaran,Food & Beverages > Food Items > Snacks,Vadam,"vadam, elai-vadam, omam, ajwain, digestive, traditional, sun-dried, aromatic",TRUE,Weight,250g,,,,,HOK-VADAM-006,150,shopify,100,deny,manual,120,140,TRUE,TRUE,,https://images.unsplash.com/photo-1599487488170-d11ec9c172f0?w=800,1,Elai Vadam Omam - Ajwain Sun-Dried Crisps,FALSE,Elai Vadam Omam | Ajwain Sun-Dried Rice Crisps | House of Kumaran,Aromatic Elai Vadam with omam flavor. Aids digestion. Traditional sun-dried preparation.,Food Beverages & Tobacco > Food Items > Snacks,Unisex,Adult,HOK-VADAM-006,new,active,Vadams & Appalam
Elai Vadam - Onion,elai-vadam-onion,<p>Savory onion-flavored sun-dried rice crisps. Caramelized onion bits add a sweet-savory depth to these crispy vadams.</p><ul><li>Caramelized onion flavor</li><li>Sweet-savory taste</li><li>Extra crispy texture</li></ul>,House of Kumaran,Food & Beverages > Food Items > Snacks,Vadam,"vadam, elai-vadam, onion, savory, traditional, sun-dried, crispy",TRUE,Weight,250g,,,,,HOK-VADAM-007,150,shopify,100,deny,manual,130,150,TRUE,TRUE,,https://images.unsplash.com/photo-1599487488170-d11ec9c172f0?w=800,1,Elai Vadam Onion - Savory Sun-Dried Crisps,FALSE,Elai Vadam Onion | Savory Sun-Dried Rice Crisps | House of Kumaran,Savory Elai Vadam with caramelized onion flavor. Sweet-savory taste. Traditional sun-dried preparation.,Food Beverages & Tobacco > Food Items > Snacks,Unisex,Adult,HOK-VADAM-007,new,active,Vadams & Appalam
Elai Vadam - Tomato,elai-vadam-tomato,<p>Tangy tomato-flavored sun-dried rice crisps. Sun-ripened tomatoes give these vadams a delightful tangy-sweet flavor.</p><ul><li>Tangy tomato flavor</li><li>Sun-ripened tomatoes</li><li>Delightful sweet-tangy taste</li></ul>,House of Kumaran,Food & Beverages > Food Items > Snacks,Vadam,"vadam, elai-vadam, tomato, tangy, traditional, sun-dried, crispy",TRUE,Weight,250g,,,,,HOK-VADAM-008,150,shopify,100,deny,manual,130,150,TRUE,TRUE,,https://images.unsplash.com/photo-1599487488170-d11ec9c172f0?w=800,1,Elai Vadam Tomato - Tangy Sun-Dried Crisps,FALSE,Elai Vadam Tomato | Tangy Sun-Dried Rice Crisps | House of Kumaran,Tangy Elai Vadam with sun-ripened tomato flavor. Sweet-tangy taste. Traditional sun-dried preparation.,Food Beverages & Tobacco > Food Items > Snacks,Unisex,Adult,HOK-VADAM-008,new,active,Vadams & Appalam
Elai Vadam - Garlic,elai-vadam-garlic,"<p>Bold garlic-flavored sun-dried rice crisps. Roasted garlic adds a pungent, savory depth that garlic lovers will adore.</p><ul><li>Bold roasted garlic flavor</li><li>Pungent and savory</li><li>Immunity boosting</li></ul>",House of Kumaran,Food & Beverages > Food Items > Snacks,Vadam,"vadam, elai-vadam, garlic, pungent, traditional, sun-dried, immunity",TRUE,Weight,250g,,,,,HOK-VADAM-009,150,shopify,100,deny,manual,130,150,TRUE,TRUE,,https://images.unsplash.com/photo-1599487488170-d11ec9c172f0?w=800,1,Elai Vadam Garlic - Bold Sun-Dried Crisps,FALSE,Elai Vadam Garlic | Bold Sun-Dried Rice Crisps | House of Kumaran,Bold Elai Vadam with roasted garlic flavor. Pungent and savory. Traditional sun-dried preparation.,Food Beverages & Tobacco > Food Items > Snacks,Unisex,Adult,HOK-VADAM-009,new,active,Vadams & Appalam
Elai Vadam - Perandai,elai-vadam-perandai,"<p>Unique medicinal vadam made with Perandai (Veldt Grape). Known for its bone-strengthening properties, this traditional vadam is both healthy and delicious.</p><ul><li>Made with Perandai (Veldt Grape)</li><li>Bone-strengthening properties</li><li>Traditional medicinal snack</li></ul>",House of Kumaran,Food & Beverages > Food Items > Snacks,Vadam,"vadam, elai-vadam, perandai, medicinal, healthy, bone-health, traditional, sun-dried",TRUE,Weight,250g,,,,,HOK-VADAM-010,150,shopify,100,deny,manual,150,180,TRUE,TRUE,,https://images.unsplash.com/photo-1599487488170-d11ec9c172f0?w=800,1,Elai Vadam Perandai - Medicinal Sun-Dried Crisps,FALSE,Elai Vadam Perandai | Medicinal Sun-Dried Rice Crisps | House of Kumaran,Healthy Elai Vadam with Perandai. Bone-strengthening properties. Traditional medicinal preparation.,Food Beverages & Tobacco > Food Items > Snacks,Unisex,Adult,HOK-VADAM-010,new,active,Vadams & Appalam
Rice Vadam,rice-vadam,"<p>Classic rice vadams available in Omapodi, Katta, and Ribbon varieties. Sun-dried to perfection, these expand into crispy delights when fried.</p><ul><li>Available in multiple shapes</li><li>Sun-dried for 3-4 days</li><li>Expands beautifully when fried</li></ul>",House of Kumaran,Food & Beverages > Food Items > Snacks,Vadam,"vadam, rice-vadam, omapodi, katta, ribbon, traditional, sun-dried, crispy",TRUE,Weight,250g,,,,,HOK-VADAM-011,200,shopify,100,deny,manual,110,130,TRUE,TRUE,,https://images.unsplash.com/photo-1599487488170-d11ec9c172f0?w=800,1,Rice Vadam - Traditional Sun-Dried Crisps,FALSE,Rice Vadam | Traditional Sun-Dried Rice Crisps | House of Kumaran,Classic Rice Vadam in multiple shapes. Sun-dried to perfection. Fry for crispy delights.,Food Beverages & Tobacco > Food Items > Snacks,Unisex,Adult,HOK-VADAM-011,new,active,Vadams & Appalam
Jawarisi Vadam,jawarisi-vadam,<p>Sago (tapioca pearl) vadams that puff up beautifully when fried. These translucent vadams have a unique chewy-crispy texture.</p><ul><li>Made with premium sago pearls</li><li>Puffs up when fried</li><li>Unique chewy-crispy texture</li></ul>,House of Kumaran,Food & Beverages > Food Items > Snacks,Vadam,"vadam, jawarisi, sago, tapioca, traditional, sun-dried, crispy, puffed",TRUE,Weight,250g,,,,,HOK-VADAM-012,150,shopify,100,deny,manual,120,140,TRUE,TRUE,,https://images.unsplash.com/photo-1599487488170-d11ec9c172f0?w=800,1,Jawarisi Vadam - Sago Sun-Dried Crisps,FALSE,Jawarisi Vadam | Sago Sun-Dried Crisps | House of Kumaran,Premium Jawarisi Vadam made with sago pearls. Puffs up beautifully. Unique chewy-crispy texture.,Food Beverages & Tobacco > Food Items > Snacks,Unisex,Adult,HOK-VADAM-012,new,active,Vadams & Appalam
Kuzhambu Vadam,kuzhambu-vadam,<p>Special vadams designed to enhance sambar and kuzhambu. These add extra flavor and texture when added to curries during cooking.</p><ul><li>Perfect for sambar and kuzhambu</li><li>Adds flavor and texture</li><li>Cook directly in curry</li></ul>,House of Kumaran,Food & Beverages > Food Items > Snacks,Vadam,"vadam, kuzhambu-vadam, sambar-vadam, curry, traditional, sun-dried, cooking",TRUE,Weight,250g,,,,,HOK-VADAM-013,150,shopify,100,deny,manual,100,120,TRUE,TRUE,,https://images.unsplash.com/photo-1599487488170-d11ec9c172f0?w=800,1,Kuzhambu Vadam - Curry Enhancement Vadam,FALSE,Kuzhambu Vadam | Sambar Curry Vadam | House of Kumaran,Special Kuzhambu Vadam for sambar and curries. Adds flavor and texture. Traditional preparation.,Food Beverages & Tobacco > Food Items > Snacks,Unisex,Adult,HOK-VADAM-013,new,active,Vadams & Appalam
Onion Vadam,onion-vadam,<p>Savory onion vadams packed with dried onion bits. These have an intense onion flavor that's perfect for snacking or adding to dishes.</p><ul><li>Packed with dried onions</li><li>Intense savory flavor</li><li>Versatile snack</li></ul>,House of Kumaran,Food & Beverages > Food Items > Snacks,Vadam,"vadam, onion-vadam, savory, traditional, sun-dried, crispy, snack",TRUE,Weight,250g,,,,,HOK-VADAM-014,150,shopify,100,deny,manual,110,130,TRUE,TRUE,,https://images.unsplash.com/photo-1599487488170-d11ec9c172f0?w=800,1,Onion Vadam - Savory Onion Crisps,FALSE,Onion Vadam | Savory Sun-Dried Onion Crisps | House of Kumaran,Savory Onion Vadam packed with dried onion bits. Intense flavor. Traditional sun-dried preparation.,Food Beverages & Tobacco > Food Items > Snacks,Unisex,Adult,HOK-VADAM-014,new,active,Vadams & Appalam
Pepper Ulundu Appalam,pepper-ulundu-appalam,<p>Classic urad dal appalam with a generous amount of black pepper. The peppery kick makes these papads extra special.</p><ul><li>Premium urad dal with black pepper</li><li>Spicy peppery flavor</li><li>Extra crunchy when fried</li></ul>,House of Kumaran,Food & Beverages > Food Items > Snacks,Vadam,"vadam, appalam, pepper, urad-dal, spicy, traditional, crispy",TRUE,Weight,250g,,,,,HOK-VADAM-015,200,shopify,100,deny,manual,140,160,TRUE,TRUE,,https://images.unsplash.com/photo-1599487488170-d11ec9c172f0?w=800,1,Pepper Ulundu Appalam - Spicy Papad,FALSE,Pepper Ulundu Appalam | Spicy Urad Dal Papad | House of Kumaran,Spicy Pepper Ulundu Appalam with black pepper kick. Premium urad dal. Extra crunchy when fried.,Food Beverages & Tobacco > Food Items > Snacks,Unisex,Adult,HOK-VADAM-015,new,active,Vadams & Appalam
Kothavarangai Vathal,kothavarangai-vathal,<p>Sun-dried cluster beans (kothavarangai) prepared the traditional way. These vathals add a unique texture and flavor to sambars and curries.</p><ul><li>Premium cluster beans</li><li>Sun-dried for preservation</li><li>Perfect for sambar and curries</li></ul>,House of Kumaran,Food & Beverages > Food Items > Snacks,Vathal,"vathal, kothavarangai, cluster-beans, sun-dried, traditional, curry, sambar",TRUE,Weight,250g,,,,,HOK-VATHAL-001,100,shopify,100,deny,manual,90,110,TRUE,TRUE,,https://images.unsplash.com/photo-1599487488170-d11ec9c172f0?w=800,1,Kothavarangai Vathal - Sun-Dried Cluster Beans,FALSE,Kothavarangai Vathal | Sun-Dried Cluster Beans | House of Kumaran,Traditional Kothavarangai Vathal sun-dried cluster beans. Perfect for sambar and curries. Traditional preparation.,Food Beverages & Tobacco > Food Items > Snacks,Unisex,Adult,HOK-VATHAL-001,new,active,Vadams & Appalam
Sundakkai Vathal,sundakkai-vathal,<p>Dried turkey berry (sundakkai) with amazing health benefits. Known to aid digestion and control diabetes. A must-have in South Indian kitchens.</p><ul><li>Premium sundakkai (turkey berry)</li><li>Aids digestion</li><li>Traditional medicinal food</li></ul>,House of Kumaran,Food & Beverages > Food Items > Snacks,Vathal,"vathal, sundakkai, turkey-berry, sun-dried, traditional, healthy, medicinal, digestion",TRUE,Weight,250g,,,,,HOK-VATHAL-002,100,shopify,100,deny,manual,120,150,TRUE,TRUE,,https://images.unsplash.com/photo-1599487488170-d11ec9c172f0?w=800,1,Sundakkai Vathal - Sun-Dried Turkey Berry,FALSE,Sundakkai Vathal | Sun-Dried Turkey Berry | House of Kumaran,Healthy Sundakkai Vathal with digestive benefits. Traditional medicinal food. Premium quality sun-dried.,Food Beverages & Tobacco > Food Items > Snacks,Unisex,Adult,HOK-VATHAL-002,new,active,Vadams & Appalam
Moremilagai Vathal,moremilagai-vathal,"<p>Buttermilk-soaked sun-dried green chilies. These tangy, spicy chilies are a perfect accompaniment for curd rice and add zing to any meal.</p><ul><li>Soaked in traditional buttermilk</li><li>Tangy and spicy</li><li>Perfect with curd rice</li></ul>",House of Kumaran,Food & Beverages > Food Items > Snacks,Vathal,"vathal, moremilagai, buttermilk-chilli, sun-dried, traditional, tangy, spicy, curd-rice",TRUE,Weight,250g,,,,,HOK-VATHAL-003,100,shopify,100,deny,manual,100,120,TRUE,TRUE,,https://images.unsplash.com/photo-1599487488170-d11ec9c172f0?w=800,1,Moremilagai Vathal - Buttermilk Dried Chilli,FALSE,Moremilagai Vathal | Buttermilk Sun-Dried Chilli | House of Kumaran,Tangy Moremilagai Vathal soaked in buttermilk. Perfect with curd rice. Traditional sun-dried preparation.,Food Beverages & Tobacco > Food Items > Snacks,Unisex,Adult,HOK-VATHAL-003,new,active,Vadams & Appalam
Manathakalli Vathal,manathakalli-vathal,<p>Dried black nightshade (manathakalli) berries with numerous health benefits. Known for treating mouth ulcers and digestive issues in traditional medicine.</p><ul><li>Premium manathakalli berries</li><li>Treats mouth ulcers</li><li>Traditional medicinal food</li></ul>,House of Kumaran,Food & Beverages > Food Items > Snacks,Vathal,"vathal, manathakalli, black-nightshade, sun-dried, traditional, healthy, medicinal, ulcer-healing",TRUE,Weight,250g,,,,,HOK-VATHAL-004,100,shopify,100,deny,manual,150,180,TRUE,TRUE,,https://images.unsplash.com/photo-1599487488170-d11ec9c172f0?w=800,1,Manathakalli Vathal - Sun-Dried Black Nightshade,FALSE,Manathakalli Vathal | Sun-Dried Black Nightshade | House of Kumaran,Medicinal Manathakalli Vathal with health benefits. Treats mouth ulcers. Traditional preparation.,Food Beverages & Tobacco > Food Items > Snacks,Unisex,Adult,HOK-VATHAL-004,new,active,Vadams & Appalam
Rava Idly Mix,rava-idly-mix,"<p>Instant rava idly mix for soft, fluffy idlies in minutes. No fermentation required. Just add curd and make perfect rava idlies every time.</p><ul><li>Instant preparation - no fermentation</li><li>Soft and fluffy texture</li><li>Just add curd and water</li></ul>",House of Kumaran,Food & Beverages > Food Items > Grains Rice & Cereal > Flour,Ready-to-Mix,"ready-to-mix, idly, rava, instant, breakfast, south-indian, quick, convenient, no-fermentation",TRUE,Weight,250g,,,,,HOK-MIX-004,500,shopify,100,deny,manual,130,150,TRUE,TRUE,,https://images.unsplash.com/photo-1630383249896-424e482df921?w=800,1,Rava Idly Mix - Instant Idly Preparation,FALSE,Rava Idly Mix | Instant Idly Mix | House of Kumaran,Make soft fluffy Rava Idly in minutes. No fermentation required. Just add curd and enjoy.,Food Beverages & Tobacco > Food Items > Grains Rice & Cereal,Unisex,Adult,HOK-MIX-004,new,active,Ready-to-Mix
Rice Upma Mix,rice-upma-mix,"<p>Wholesome rice upma mix for a healthy, filling breakfast. Made with broken rice and aromatic spices. Ready in just 10 minutes.</p><ul><li>Made with broken rice</li><li>Pre-mixed spices</li><li>Ready in 10 minutes</li></ul>",House of Kumaran,Food & Beverages > Food Items > Grains Rice & Cereal > Flour,Ready-to-Mix,"ready-to-mix, upma, rice, instant, breakfast, south-indian, quick, healthy",TRUE,Weight,250g,,,,,HOK-MIX-005,500,shopify,100,deny,manual,120,140,TRUE,TRUE,,https://images.unsplash.com/photo-1630383249896-424e482df921?w=800,1,Rice Upma Mix - Healthy Breakfast Mix,FALSE,Rice Upma Mix | Healthy Breakfast Mix | House of Kumaran,Wholesome Rice Upma Mix ready in 10 minutes. Made with broken rice and aromatic spices. Healthy breakfast option.,Food Beverages & Tobacco > Food Items > Grains Rice & Cereal,Unisex,Adult,HOK-MIX-005,new,active,Ready-to-Mix
Pulikaichal,pulikaichal,"<p>Ready-to-use tamarind paste concentrate for authentic South Indian cooking. Perfect base for Puliyodarai, sambar, and rasam.</p><ul><li>Concentrated tamarind paste</li><li>Ready to use</li><li>Authentic temple recipe</li></ul>",House of Kumaran,Food & Beverages > Food Items > Condiments & Sauces > Spice Pastes & Curry Pastes,Ready-to-Mix,"ready-to-mix, pulikaichal, tamarind, paste, puliyodarai, temple-food, traditional",TRUE,Weight,250g,,,,,HOK-MIX-006,250,shopify,100,deny,manual,140,170,TRUE,TRUE,,https://images.unsplash.com/photo-1630383249896-424e482df921?w=800,1,Pulikaichal - Tamarind Paste Concentrate,FALSE,Pulikaichal | Tamarind Paste Concentrate | House of Kumaran,Ready-to-use Pulikaichal tamarind paste for authentic cooking. Perfect for Puliyodarai and sambar. Temple recipe.,Food Beverages & Tobacco > Food Items > Condiments & Sauces,Unisex,Adult,HOK-MIX-006,new,active,Ready-to-Mix
Vatha Kuzhambu Paste,vatha-kuzhambu-paste,<p>Ready-to-cook paste for authentic Vatha Kuzhambu. Just add vegetables and cook for a perfect tangy-spicy curry in minutes.</p><ul><li>Ready-to-cook paste</li><li>Authentic recipe</li><li>Just add vegetables</li></ul>,House of Kumaran,Food & Beverages > Food Items > Condiments & Sauces > Spice Pastes & Curry Pastes,Ready-to-Mix,"ready-to-mix, vatha-kuzhambu, paste, curry, traditional, instant, tangy",TRUE,Weight,250g,,,,,HOK-MIX-007,250,shopify,100,deny,manual,150,180,TRUE,TRUE,,https://images.unsplash.com/photo-1630383249896-424e482df921?w=800,1,Vatha Kuzhambu Paste - Instant Curry Base,FALSE,Vatha Kuzhambu Paste | Instant Curry Base | House of Kumaran,Ready-to-cook Vatha Kuzhambu Paste. Authentic tangy-spicy curry in minutes. Just add vegetables.,Food Beverages & Tobacco > Food Items > Condiments & Sauces,Unisex,Adult,HOK-MIX-007,new,active,Ready-to-Mix
Milagu Kuzhambu Paste,milagu-kuzhambu-paste,"<p>Pepper-based curry paste for the warming Milagu Kuzhambu. Known for its medicinal properties, perfect for cold weather and sore throats.</p><ul><li>Black pepper based</li><li>Warming and medicinal</li><li>Perfect for cold weather</li></ul>",House of Kumaran,Food & Beverages > Food Items > Condiments & Sauces > Spice Pastes & Curry Pastes,Ready-to-Mix,"ready-to-mix, milagu-kuzhambu, pepper, paste, curry, traditional, medicinal, warming",TRUE,Weight,250g,,,,,HOK-MIX-008,250,shopify,100,deny,manual,150,180,TRUE,TRUE,,https://images.unsplash.com/photo-1630383249896-424e482df921?w=800,1,Milagu Kuzhambu Paste - Pepper Curry Base,FALSE,Milagu Kuzhambu Paste | Pepper Curry Base | House of Kumaran,Warming Milagu Kuzhambu Paste with black pepper. Medicinal properties. Perfect for cold weather.,Food Beverages & Tobacco > Food Items > Condiments & Sauces,Unisex,Adult,HOK-MIX-008,new,active,Ready-to-Mix
Rava Dosa Mix,rava-dosa-mix,"<p>Instant rava dosa mix for crispy, lacy dosas in minutes. Just add water and make perfect dosas every time. Includes rava, rice flour, and spices.</p><ul><li>Instant preparation</li><li>Crispy lacy texture</li><li>Pre-mixed spices included</li></ul>",House of Kumaran,Food & Beverages > Food Items > Grains Rice & Cereal > Flour,Ready-to-Mix,"ready-to-mix, dosa, rava, instant, breakfast, south-indian, quick, convenient",TRUE,Weight,250g,,,,,HOK-MIX-001,500,shopify,100,deny,manual,140,160,TRUE,TRUE,,https://images.unsplash.com/photo-1630383249896-424e482df921?w=800,1,Rava Dosa Mix - Instant Dosa Preparation,FALSE,Rava Dosa Mix | Instant Dosa Mix | House of Kumaran,Make crispy lacy Rava Dosa in minutes. Just add water. Instant mix with pre-mixed spices included.,Food Beverages & Tobacco > Food Items > Grains Rice & Cereal,Unisex,Adult,HOK-MIX-001,new,active,Ready-to-Mix
Adai Mix,adai-mix,"<p>Protein-packed multi-lentil dosa mix. Contains toor dal, chana dal, urad dal, and rice. Perfect for a healthy, filling breakfast.</p><ul><li>Multi-lentil blend</li><li>High protein content</li><li>Healthy breakfast option</li></ul>",House of Kumaran,Food & Beverages > Food Items > Grains Rice & Cereal > Flour,Ready-to-Mix,"ready-to-mix, adai, lentil, protein, healthy, breakfast, new-arrival, south-indian",TRUE,Weight,250g,,,,,HOK-MIX-002,500,shopify,100,deny,manual,160,180,TRUE,TRUE,,https://images.unsplash.com/photo-1630383249896-424e482df921?w=800,1,Adai Mix - Multi-Lentil Dosa Mix,FALSE,Adai Mix | Protein Rich Lentil Dosa Mix | House of Kumaran,Protein-packed Adai Mix with multiple lentils. Healthy filling breakfast option. Traditional South Indian recipe.,Food Beverages & Tobacco > Food Items > Grains Rice & Cereal,Unisex,Adult,HOK-MIX-002,new,active,Ready-to-Mix
Satthu Mavu,satthu-mavu,"<p>Nutritious health mix powder made with roasted grains, millets, nuts, and dry fruits. Perfect for children and adults. Mix with milk for a wholesome drink.</p><ul><li>Multi-grain health mix</li><li>Includes nuts and dry fruits</li><li>Perfect for all ages</li></ul>",House of Kumaran,Food & Beverages > Food Items > Grains Rice & Cereal > Flour,Ready-to-Mix,"ready-to-mix, health-mix, satthu-mavu, bestseller, nutritious, protein-rich, multigrain, kids",TRUE,Weight,250g,,,,,HOK-MIX-003,500,shopify,100,deny,manual,180,200,TRUE,TRUE,,https://images.unsplash.com/photo-1630383249896-424e482df921?w=800,1,Satthu Mavu - Nutritious Health Mix,FALSE,Satthu Mavu | Nutritious Health Mix Powder | House of Kumaran,Multi-grain Satthu Mavu health mix with nuts and dry fruits. Nutritious drink mix perfect for all ages.,Food Beverages & Tobacco > Food Items > Grains Rice & Cereal,Unisex,Adult,HOK-MIX-003,new,active,Ready-to-Mix
